step,loss-sensitive,buy-and-hold,cash
0.0,100.0,100.0,100.0
1.0,100.0,99.66243727457866,100.0
2.0,100.0,99.69296958117049,100.0
3.0,100.0,99.74989860150359,100.0
4.0,100.0,99.73636099678193,100.0
5.0,100.0,99.76415347311027,100.0
6.0,100.0,99.75776268978343,100.0
7.0,99.94137945736784,99.78785558963489,100.0
8.0,99.93732700236971,99.76749425670984,100.0
9.0,99.92550144740055,99.70807741880259,100.0
10.0,99.92709104891681,99.71606428249517,100.0
11.0,99.88898692850798,99.78262147993343,100.0
12.0,99.79947121829149,99.65875401219616,100.0
13.0,99.79952748524305,99.65903833420462,100.0
14.0,99.75828764613092,99.4506496875846,100.0
15.0,99.75680424468064,99.44315392554302,100.0
16.0,99.66037623433479,99.36324651743413,100.0
17.0,99.6904035691485,99.43865646831806,100.0
18.0,99.68295462876412,99.41994937253322,100.0
19.0,99.7055716187395,99.47674915558976,100.0
20.0,99.79818806403682,99.70934394411306,100.0
21.0,99.77946665117439,99.66232742289357,100.0
22.0,99.8183555233573,99.75999203280442,100.0
23.0,99.82920859090179,99.78724817443496,100.0
24.0,99.76990271170456,99.79613323719978,100.0
25.0,99.74728499120923,99.75825379143443,100.0
26.0,99.77385367482077,99.80275018576063,100.0
27.0,99.75764083593961,99.77559743395135,100.0
28.0,99.52464976295579,99.38539132477597,100.0
29.0,99.5721654961356,99.46496917782957,100.0
30.0,99.5596412517262,99.44399396784078,100.0
31.0,99.65447162450921,99.64394988216402,100.0
32.0,99.90799928798634,99.96189943000401,100.0
33.0,99.90677812596203,99.96036796827654,100.0
34.0,99.9479781746809,100.01203703145288,100.0
35.0,99.91200284449641,99.9669202981991,100.0
36.0,99.90217171731337,99.95459106201345,100.0
37.0,100.05568775677433,100.1471158329334,100.0
38.0,99.9781568496867,100.04988416789908,100.0
39.0,100.19218996921308,100.31830352949011,100.0
40.0,100.06243763969351,100.15558087454933,100.0
41.0,99.91912521839659,100.07599009776807,100.0
42.0,99.86378296866873,100.02029529342629,100.0
43.0,100.17809535600234,100.33660998971754,100.0
44.0,100.40252715258407,100.56247151613107,100.0
45.0,100.43730949006822,100.59747543249253,100.0
46.0,100.5659726760581,100.72695825989717,100.0
47.0,100.68730954728531,100.84906810067297,100.0
48.0,100.86580579977223,101.02870145325413,100.0
49.0,100.71361621826048,100.8755423567802,100.0
50.0,100.78223701218573,100.94460029552026,100.0
51.0,100.55946824410842,100.72041239183844,100.0
52.0,100.43014369929244,100.59026399245941,100.0
53.0,100.1949567955876,100.35357884413239,100.0
54.0,100.04281858175167,100.20047144256908,100.0
55.0,100.01444436182507,100.17191646630893,100.0
56.0,100.00989832251571,100.16734146671803,100.0
57.0,99.8644764322922,100.02099317471982,100.0
58.0,99.79166569787402,99.94825197359725,100.0
59.0,99.83169602043617,99.98848353779633,100.0
60.0,99.6098768542951,99.76554923569732,100.0
61.0,99.36144581775812,99.51586927921026,100.0
62.0,99.41059322952573,99.56526376631881,100.0
63.0,99.40523099229206,99.55987457188546,100.0
64.0,99.44886185784085,99.60372477982877,100.0
65.0,99.37209956727395,99.52657658757485,100.0
66.0,99.38465646093985,99.5391966076328,100.0
67.0,99.1612714991496,99.31732205120174,100.0
68.0,98.70767249358803,98.86363459177069,100.0
69.0,99.09326072103329,99.24929801067431,100.0
70.0,99.005725997684,99.16174621765578,100.0
71.0,99.38073821641106,99.5368315654714,100.0
72.0,98.7475667231756,98.90353660091449,100.0
73.0,98.87251318199493,99.02974972522168,100.0
74.0,98.70862118678104,98.86687844741282,100.0
75.0,98.39378339601487,98.55400146267857,100.0
76.0,98.53742704077861,98.69675049652405,100.0
77.0,98.51998120768364,98.67941331587096,100.0
78.0,98.60269846571535,98.76215102033692,100.0
79.0,98.42176828649988,98.58275675671742,100.0
80.0,98.67610807376532,98.83493745450629,100.0
81.0,98.6308527188027,98.79006627207801,100.0
82.0,98.65754060454174,98.81652760445759,100.0
83.0,98.72892336705695,98.88730439897616,100.0
84.0,98.77005334187967,98.9280852216007,100.0
85.0,98.56020437718874,98.74809646650894,100.0
86.0,98.48284824250764,98.73512750580423,100.0
87.0,98.64789197267429,98.89903914368954,100.0
88.0,98.6452568425506,98.89642208883882,100.0
89.0,98.81581807974166,99.06581338725108,100.0
90.0,98.6330311400755,98.88428024670421,100.0
91.0,98.42540240581121,98.67807571005837,100.0
92.0,98.45849443496944,98.71094074949244,100.0
93.0,98.52221903850379,98.77422824383324,100.0
94.0,98.50312247822471,98.75526267349525,100.0
95.0,98.4899142951356,98.74214508992247,100.0
96.0,98.4084139496311,98.66120378360095,100.0
97.0,98.69728148032394,98.94811699947047,100.0
98.0,98.6843167228697,99.01401508679817,100.0
99.0,98.58325010505861,98.8883189115973,100.0
100.0,98.43393628320712,98.70261786888074,100.0
101.0,98.70666339792653,99.04180756312651,100.0
102.0,98.77082500924409,99.1216051195503,100.0
103.0,98.72669735496659,99.1407063890287,100.0
104.0,98.73038585843405,99.1443896514112,100.0
105.0,98.76974930859643,99.18369716908275,100.0
106.0,98.83203324872679,99.24589260843645,100.0
107.0,98.69514447267302,99.1091983409987,100.0
108.0,98.79456581876785,99.2084784168668,100.0
109.0,98.78498865186988,99.19891485839993,100.0
110.0,98.85586615797355,99.2696916529185,100.0
111.0,98.78901365039052,99.20293413770155,100.0
112.0,98.74789654331641,99.16187545493236,100.0
113.0,98.79186091622505,99.20577735778629,100.0
114.0,98.96081378821084,99.37449016049652,100.0
115.0,98.93390712607453,99.34762173069572,100.0
116.0,98.80796091030757,99.22185447499274,100.0
117.0,98.9883028456315,99.40194015804192,100.0
118.0,98.9790621737867,99.39271261649418,100.0
119.0,98.92742959630098,99.34115340500293,100.0
120.0,98.86152833434903,99.27534578376884,100.0
121.0,98.87328624803389,99.28708699034605,100.0
122.0,98.85644208219917,99.27026675879928,100.0
123.0,98.75963504382513,99.17359727591808,100.0
124.0,98.76670791100045,99.18066009308313,100.0
125.0,98.69596142244026,99.1734680386415,100.0
126.0,98.7874988015147,99.28808211737571,100.0
127.0,98.81152895597971,99.37644164337287,100.0
128.0,98.97052248770915,99.53572012489282,100.0
129.0,99.2303342636242,99.79599753805937,100.0
130.0,99.35474126782175,99.92062750572846,100.0
131.0,99.3042805433007,99.87007634499453,100.0
132.0,99.36917704712357,99.93508915697767,100.0
133.0,99.50295634235131,100.06910821279023,100.0
134.0,99.79758685672535,100.36426676690549,100.0
135.0,99.76958608909835,100.33621581602398,100.0
136.0,99.81687971458581,100.3835942016179,100.0
137.0,99.67092869659555,100.23738160876009,100.0
138.0,99.65961486420262,100.22604749960409,100.0
139.0,100.97831491802899,101.54711094079602,100.0
140.0,101.55039878847467,102.12022010565002,100.0
141.0,101.41601316471503,101.98559363463754,100.0
142.0,101.4956357114986,102.06535888174218,100.0
143.0,101.51970312732472,102.17558535493653,100.0
144.0,101.48411774108061,102.13147021057624,100.0
145.0,101.52531791878617,102.30406659344767,100.0
146.0,101.48814896922113,102.24366109037459,100.0
147.0,101.53736959680624,102.32365250271324,100.0
148.0,101.42581481240214,102.26530833420159,100.0
149.0,101.20907460434071,102.0983014635422,100.0
150.0,101.69796366224318,102.6039940030687,100.0
151.0,101.45112647683284,102.34867283945896,100.0
152.0,101.45959135803933,102.3574286649472,100.0
153.0,101.35275893478305,102.24692433160821,100.0
154.0,101.28864448768176,102.18060622313162,100.0
155.0,101.30093972892865,102.193588107564,100.0
156.0,101.30134612082743,102.19400812871288,100.0
157.0,101.33260703611784,102.22631744785767,100.0
158.0,101.47296854577178,102.37138629081774,100.0
159.0,101.4737125555557,102.37215525261338,100.0
160.0,101.40541370782921,102.30156585214587,100.0
161.0,101.46193344267427,102.35998110115963,100.0
162.0,101.48068373966545,102.37936023078268,100.0
163.0,101.48913043897693,102.3880902088156,100.0
164.0,101.63379970275788,102.53761127595382,100.0
165.0,101.67854032472152,102.58385237351384,100.0
166.0,101.79539362607709,102.70462460847705,100.0
167.0,101.54116457018941,102.46149698191255,100.0
168.0,101.52866178707107,102.44543278843376,100.0
169.0,101.42312168014716,102.4019961397755,100.0
170.0,101.28790583839519,102.26198693619351,100.0
171.0,101.24762042138663,102.22023037213079,100.0
172.0,101.3524327669323,102.3292678623806,100.0
173.0,101.35333203323171,102.33019837077197,100.0
174.0,101.37190438027675,102.3494159537993,100.0
175.0,101.25203967644951,102.22538693946629,100.0
176.0,100.77351135196429,101.73023369984483,100.0
177.0,100.86929570266254,101.82934576725336,100.0
178.0,100.83002774092107,101.78871356749688,100.0
179.0,100.86754088439768,101.82752998351742,100.0
180.0,100.752940635365,101.70894832039224,100.0
181.0,100.75890757794657,101.71674132816996,100.0
182.0,100.72353839498388,101.68032226362996,100.0
183.0,100.85018592539024,101.81072913756213,100.0
184.0,100.75793486265928,101.71573973927647,100.0
185.0,100.77338712664363,101.81911017494829,100.0
186.0,100.77749108916358,101.82438305583273,100.0
187.0,100.75752881648302,101.87020413224386,100.0
188.0,100.83110031743527,101.94615687968941,100.0
189.0,100.97794913348437,102.09775866698057,100.0
190.0,101.2519738689097,102.38065260354847,100.0
191.0,101.09581576414936,102.26262019884874,100.0
192.0,100.96474904049857,102.19217942124928,100.0
193.0,101.05308140131758,102.28401542998643,100.0
194.0,100.9976458380538,102.22652422750019,100.0
195.0,100.90219597926567,102.1275349355044,100.0
196.0,101.07430355805316,102.30602453818784,100.0
197.0,101.05133677304806,102.28220610811431,100.0
198.0,101.31982883291091,102.56065428236789,100.0
199.0,100.93533145475593,102.1618991273468,100.0
200.0,101.13870526445919,102.37281436272394,100.0
201.0,101.20826608589078,102.44495461051042,100.0
202.0,101.18280697478639,102.4185514349053,100.0
203.0,101.28954083998912,102.52924316229533,100.0
204.0,101.33913812936528,102.58067959837382,100.0
205.0,101.39106574364429,102.63453277152435,100.0
206.0,102.6510113566258,103.94119918010536,100.0
207.0,103.21707469111513,104.52825304710224,100.0
208.0,103.07894374787641,104.3849999878781,100.0
209.0,103.3686641952901,104.68546373219694,100.0
210.0,103.63111859517737,104.95765036040025,100.0
211.0,103.72048094746793,105.05032641143515,100.0
212.0,103.96304035426752,105.3018803084326,100.0
213.0,104.02563512425156,105.36679619245831,100.0
214.0,104.04726228397827,105.38922532180861,100.0
215.0,104.0062884429057,105.3467321052694,100.0
216.0,104.11200045440772,105.45636408699147,100.0
217.0,104.3756823248989,105.7298237023691,100.0
218.0,104.67790801851584,106.04325640739265,100.0
219.0,104.41451899634131,105.77010049961498,100.0
220.0,104.33092014815539,105.68340167262187,100.0
221.0,104.43797178493578,105.79442295506718,100.0
222.0,103.99005093836874,105.32989248813114,100.0
223.0,103.8172143541972,105.1506468473797,100.0
224.0,103.88035120510784,105.21612491355852,100.0
225.0,103.86031290326943,105.1953435594846,100.0
226.0,103.7180758527821,105.04783213199717,100.0
227.0,103.69261051086247,105.02142249452822,100.0
228.0,103.66802371389282,104.99592397985916,100.0
229.0,103.6559483939417,104.98340088775865,100.0
230.0,104.19114426969114,105.53844268134688,100.0
231.0,104.21607999231468,105.56430306039037,100.0
232.0,103.98287303920274,105.32244842100017,100.0
233.0,104.04800375099282,105.38999428360427,100.0
234.0,104.07716396635469,105.42023580632377,100.0
235.0,104.27235671563697,105.62266661449351,100.0
236.0,104.21861593412072,105.56693303896876,100.0
237.0,104.32759912362806,105.67995749920104,100.0
238.0,104.33288908577384,105.68544362159182,100.0
239.0,104.43338590491305,105.78966702328907,100.0
240.0,104.35983113090732,105.71338472078823,100.0
241.0,104.19883309570749,105.54641662131182,100.0
242.0,104.24245503326057,105.59165612997835,100.0
243.0,104.18381060014393,105.5308370676202,100.0
244.0,104.14321683880151,105.48873802477455,100.0
245.0,104.19067695854751,105.53795804155972,100.0
246.0,104.35484024789346,105.70820876786124,100.0
247.0,104.29159124230836,105.6426143881335,100.0
248.0,104.40258075432565,105.75771956851871,100.0
249.0,104.41760328307953,105.8599914873396,100.0
250.0,104.64629210949295,106.16266518908793,100.0
251.0,104.23859816854186,105.72497084263355,100.0
252.0,104.21996950171904,105.70497137408293,100.0
253.0,103.99535167937813,105.49282192271446,100.0
254.0,103.79456181908918,105.3465317874907,100.0
255.0,103.7611209581434,105.3123226803802,100.0
256.0,103.796034096072,105.34966579144775,100.0
257.0,103.6335511674356,105.17587396376796,100.0
258.0,103.53887965085354,105.07532090072556,100.0
259.0,103.72080421279303,105.26975838333887,100.0
260.0,102.95673543621784,104.45450379522237,100.0
261.0,102.63630020711997,104.11652893137644,100.0
262.0,102.58705827541058,104.1370518108972,100.0
263.0,102.69540014346286,104.32081429446508,100.0
264.0,102.69405299456716,104.31986440048222,100.0
265.0,102.81760072552423,104.45095623198027,100.0
266.0,102.6155887803971,104.26975910835249,100.0
267.0,102.65072301741345,104.3756690565091,100.0
268.0,102.74251421551185,104.47313334864124,100.0
269.0,102.63791253727044,104.36206683314913,100.0
270.0,102.59102191992984,104.31227817234702,100.0
271.0,102.4687776849499,104.18247871361477,100.0
272.0,102.62042714297397,104.34369575428342,100.0
273.0,102.36352538765094,104.07118603288865,100.0
274.0,102.42213422261165,104.13335562478704,100.0
275.0,102.38621719829729,104.09525647565151,100.0
276.0,102.46553192973772,104.17938994270453,100.0
277.0,102.71397832044946,104.4429305971047,100.0
278.0,102.18442151521774,103.88120077445349,100.0
279.0,101.94574191560764,103.62971795795815,100.0
280.0,102.09967932608119,103.79255046458402,100.0
281.0,102.0821615960559,103.77432800858638,100.0
282.0,102.14952520361732,103.84552482425381,100.0
283.0,102.55143245599137,104.27030190491412,100.0
284.0,102.18988345134947,103.88817958738876,100.0
285.0,102.65234947418058,104.37696142927489,100.0
286.0,102.69296450821857,104.41988759069064,100.0
287.0,102.46296345967501,104.17679873530912,100.0
288.0,102.57593223430466,104.41051142627482,100.0
289.0,102.47796020260095,104.37315539147963,100.0
290.0,102.39185875429804,104.34640973709158,100.0
291.0,102.3059563741314,104.32445232380078,100.0
292.0,102.27160059568787,104.28782647961825,100.0
293.0,102.34526747130289,104.36668706578683,100.0
294.0,102.46188662732669,104.4908647029879,100.0
295.0,102.47307701727871,104.50278037988849,100.0
296.0,102.24542783166592,104.26037648207284,100.0
297.0,102.24233686879596,104.25718432134134,100.0
298.0,102.2264389077685,104.2402606999733,100.0
299.0,102.22154629356913,104.23505243772716,100.0
300.0,102.12483906688382,104.13219895116166,100.0
301.0,102.06028678295016,104.13279344263393,100.0
302.0,102.22810765372729,104.38050899251698,100.0
303.0,102.32553078391433,104.48433822052066,100.0
304.0,102.41145813025554,104.57591575470462,100.0
305.0,102.33008422994186,104.4891910802562,100.0
306.0,102.25641056458821,104.41067297287054,100.0
307.0,101.922468957586,104.05477289876309,100.0
308.0,101.9827430014738,104.11901028708675,100.0
309.0,101.84991909155815,103.97802534206657,100.0
310.0,101.81759712004786,103.94411994255604,100.0
311.0,101.83592221401932,103.96370585182162,100.0
312.0,101.95032345516584,104.08529228162726,100.0
313.0,101.98288792410615,104.11990202429516,100.0
314.0,101.90024859217249,104.03207237113197,100.0
315.0,101.85180316862575,103.98058424014285,100.0
316.0,102.016431272714,104.15555212703951,100.0
317.0,102.03735254560863,104.17778740047494,100.0
318.0,101.9228479444972,104.0560911189842,100.0
319.0,102.02501014980041,104.16466981690216,100.0
320.0,101.98057752489082,104.11744651604015,100.0
321.0,101.93888697904995,104.073137515765,100.0
322.0,101.96585176989204,104.10179588184641,100.0
323.0,101.93108634169924,104.06484694447244,100.0
324.0,101.90938682906892,104.0417845524669,100.0
325.0,102.04391286338058,104.1847597515464,100.0
326.0,102.02341298314656,104.2435627123899,100.0
327.0,101.89104248010639,104.12597617629437,100.0
328.0,101.94975752443874,104.22846133662162,100.0
329.0,101.94367870332943,104.21785095621448,100.0
330.0,101.89986824717374,104.14138125966261,100.0
331.0,101.78586930861951,104.07581272739019,100.0
332.0,101.76996671213634,104.12701653637083,100.0
333.0,101.85013540367262,104.21250699482793,100.0
334.0,101.82434568703027,104.18500530237189,100.0
335.0,101.83788286442196,104.19944110616578,100.0
336.0,101.75787778246023,104.11412511803206,100.0
