profile,step,timestamp,equity,action,feedback_return,pulse_current,gate_spikes,reward_spikes,aversive_spikes,changed_edges
loss-sensitive,1,1789239600,100.0,SELL,0.0,0.0,13,0,66,1582
loss-sensitive,2,1789243200,100.0,HOLD,0.0,0.0,0,0,80,1721
loss-sensitive,3,1789246800,100.0,HOLD,0.0,0.0,0,0,74,1793
loss-sensitive,4,1789250400,100.0,HOLD,0.0,0.0,0,0,80,1806
loss-sensitive,5,1789254000,100.0,HOLD,0.0,0.0,0,0,80,1813
loss-sensitive,6,1789257600,100.0,HOLD,0.0,0.0,0,0,76,1828
loss-sensitive,7,1789261200,99.94137945736784,BUY,0.0,0.0,2,0,72,1853
loss-sensitive,8,1789264800,99.93732700236971,HOLD,-0.0005862054263215652,29.53177433955315,0,0,107,1859
loss-sensitive,9,1789268400,99.92550144740055,HOLD,-4.054831962630103e-05,1.6544893603077124,0,0,81,1863
loss-sensitive,10,1789272000,99.92709104891681,HOLD,-0.00011832971046820412,5.005399255043345,0,0,84,1864
loss-sensitive,11,1789275600,99.88898692850798,BUY,1.59078662925927e-05,0.31815732585185397,1,0,81,1865
loss-sensitive,12,1789279200,99.79947121829149,SELL,-0.000381319219931768,17.92650863269062,2,0,96,1869
loss-sensitive,13,1789282800,99.79952748524305,HOLD,-0.0008961519479676338,40.0,0,0,115,1869
loss-sensitive,14,1789286400,99.75828764613092,HOLD,5.638000970892665e-07,0.0,0,0,69,1871
loss-sensitive,15,1789290000,99.75680424468064,HOLD,-0.0004132267972734133,19.649631059308646,0,0,90,1871
loss-sensitive,16,1789293600,99.66037623433479,BUY,-1.486995702594287e-05,0.5992042746838167,1,0,75,1872
loss-sensitive,17,1789297200,99.6904035691485,HOLD,-0.0009666309087982915,40.0,0,0,113,1873
loss-sensitive,18,1789300800,99.68295462876412,HOLD,0.0003012966230742772,6.025932461485544,0,16,84,3355
loss-sensitive,19,1789304400,99.7055716187395,HOLD,-7.472073657734613e-05,3.0984818037065787,0,0,77,3358
loss-sensitive,20,1789308000,99.79818806403682,HOLD,0.00022688924159200367,4.5377848318400735,1,7,72,3358
loss-sensitive,21,1789311600,99.77946665117439,HOLD,0.0009288993964296634,18.577987928593267,0,242,73,3358
loss-sensitive,22,1789315200,99.8183555233573,HOLD,-0.00018759271311039418,8.177295989151471,0,0,88,3358
loss-sensitive,23,1789318800,99.82920859090179,HOLD,0.0003897482466894786,7.794964933789572,0,41,78,3361
loss-sensitive,24,1789322400,99.76990271170456,BUY,0.00010872817416788192,2.1745634833576384,1,1,80,3371
loss-sensitive,25,1789326000,99.74728499120923,HOLD,-0.0005940734183345079,30.002280816548463,0,0,111,3381
loss-sensitive,26,1789329600,99.77385367482077,HOLD,-0.00022669883282024265,10.0433419945167,0,0,86,3381
loss-sensitive,27,1789333200,99.75764083593961,HOLD,0.0002663599677312889,5.327199354625778,0,10,75,3381
loss-sensitive,28,1789336800,99.52464976295579,HOLD,-0.0001624958672439875,7.008063368770178,0,0,90,3385
loss-sensitive,29,1789340400,99.5721654961356,HOLD,-0.0023355712006761955,40.0,0,0,117,3386
loss-sensitive,30,1789344000,99.5596412517262,HOLD,0.00047742678113388916,9.548535622677782,0,78,74,3386
loss-sensitive,31,1789347600,99.65447162450921,BUY,-0.00012578057680062195,5.338268933050862,1,0,83,3386
loss-sensitive,32,1789351200,99.90799928798634,HOLD,0.000952498136702238,19.04996273404476,0,253,84,3389
loss-sensitive,33,1789354800,99.90677812596203,HOLD,0.002544067108522716,40.0,0,492,81,3392
loss-sensitive,34,1789358400,99.9479781746809,HOLD,-1.2222865366251033e-05,0.49189350839739454,0,0,76,3393
loss-sensitive,35,1789362000,99.91200284449641,HOLD,0.00041238492013946453,8.247698402789291,0,50,79,3402
loss-sensitive,36,1789365600,99.90217171731337,HOLD,-0.00035994054948873354,16.790001244758656,0,0,90,3403
loss-sensitive,37,1789369200,100.05568775677433,HOLD,-9.839785914753701e-05,4.125014502447083,0,0,78,3406
loss-sensitive,38,1789372800,99.9781568496867,HOLD,0.0015366636863046548,30.733273726093095,0,399,79,3412
loss-sensitive,39,1789376400,100.19218996921308,HOLD,-0.0007748775589460853,40.0,0,0,120,3412
loss-sensitive,40,1789380000,100.06243763969351,HOLD,0.0021407988131665187,40.0,0,493,88,3413
loss-sensitive,41,1789383600,99.91912521839659,BUY,-0.0012950343690405462,40.0,1,0,119,3413
loss-sensitive,42,1789387200,99.86378296866873,HOLD,-0.0014322299623857249,40.0,0,0,123,3413
loss-sensitive,43,1789390800,100.17809535600234,HOLD,-0.0005538704387863278,27.616941514348177,1,0,109,3413
loss-sensitive,44,1789394400,100.40252715258407,BUY,0.003147411183414003,40.0,1,490,76,3420
loss-sensitive,45,1789398000,100.43730949006822,HOLD,0.0022403280456087795,40.0,0,493,73,3420
loss-sensitive,46,1789401600,100.5659726760581,HOLD,0.0003464289044366562,6.928578088733124,0,22,75,3426
loss-sensitive,47,1789405200,100.68730954728531,HOLD,0.0012810297950345934,25.620595900691868,0,339,69,3436
loss-sensitive,48,1789408800,100.86580579977223,HOLD,0.0012065400254026573,24.130800508053145,0,320,81,3436
loss-sensitive,49,1789412400,100.71361621826048,HOLD,0.0017727780520651758,35.45556104130351,0,451,79,3436
loss-sensitive,50,1789416000,100.78223701218573,HOLD,-0.0015088322579195391,40.0,0,0,117,3436
loss-sensitive,51,1789419600,100.55946824410842,HOLD,0.0006813457455100004,13.626914910200007,0,152,71,3436
loss-sensitive,52,1789423200,100.43014369929244,HOLD,-0.002210397136257024,40.0,0,0,119,3436
loss-sensitive,53,1789426800,100.1949567955876,HOLD,-0.0012860504045430188,40.0,0,0,118,3436
loss-sensitive,54,1789430400,100.04281858175167,BUY,-0.002341795949322124,40.0,1,0,120,3436
loss-sensitive,55,1789434000,100.01444436182507,HOLD,-0.0015184218717346864,40.0,0,0,116,3436
loss-sensitive,56,1789437600,100.00989832251571,HOLD,-0.00028362075688040275,12.853351035050613,0,0,89,3436
loss-sensitive,57,1789441200,99.8644764322922,BUY,-4.545382757822392e-05,1.8590149400356135,1,0,80,3436
loss-sensitive,58,1789444800,99.79166569787402,BUY,-0.001454074973204778,40.0,2,0,122,3436
loss-sensitive,59,1789448400,99.83169602043617,HOLD,-0.0007290954403344642,38.348983459983614,0,0,120,3436
loss-sensitive,60,1789452000,99.6098768542951,HOLD,0.0004011389356236438,8.022778712472876,2,49,83,3436
loss-sensitive,61,1789455600,99.36144581775812,HOLD,-0.0022219312601448066,40.0,0,0,119,3439
loss-sensitive,62,1789459200,99.41059322952573,HOLD,-0.0024940401934273756,40.0,0,0,117,3443
loss-sensitive,63,1789462800,99.40523099229206,HOLD,0.0004946326149254033,9.892652298508066,0,78,87,3446
loss-sensitive,64,1789466400,99.44886185784085,HOLD,-5.39403001176209e-05,2.215038888823577,0,0,76,3446
loss-sensitive,65,1789470000,99.37209956727395,HOLD,0.00043891921092338354,8.778384218467671,0,60,75,3446
loss-sensitive,66,1789473600,99.38465646093985,HOLD,-0.0007718770143054885,40.0,0,0,115,3449
loss-sensitive,67,1789477200,99.1612714991496,BUY,0.00012636236650508285,2.5272473301016567,1,0,78,3449
loss-sensitive,68,1789480800,98.70767249358803,HOLD,-0.0022476805751000164,40.0,0,0,118,3449
loss-sensitive,69,1789484400,99.09326072103329,HOLD,-0.004574356487204344,40.0,0,0,119,3453
loss-sensitive,70,1789488000,99.005725997684,HOLD,0.003906365307826469,40.0,0,492,79,3453
loss-sensitive,71,1789491600,99.38073821641106,HOLD,-0.0008833569781876219,40.0,0,0,120,3456
loss-sensitive,72,1789495200,98.7475667231756,HOLD,0.0037877831301982422,40.0,0,492,72,3463
loss-sensitive,73,1789498800,98.87251318199493,BUY,-0.0063711691480562715,40.0,2,0,123,3463
loss-sensitive,74,1789502400,98.70862118678104,HOLD,0.0012653117739053268,25.306235478106537,0,337,75,3463
loss-sensitive,75,1789506000,98.39378339601487,HOLD,-0.0016576092782451556,40.0,0,0,119,3463
loss-sensitive,76,1789509600,98.53742704077861,HOLD,-0.0031895673040597205,40.0,0,0,121,3463
loss-sensitive,77,1789513200,98.51998120768364,HOLD,0.0014598853688307105,29.19770737661421,0,385,77,3464
loss-sensitive,78,1789516800,98.60269846571535,BUY,-0.0001770477839629022,7.683295448182735,1,0,88,3464
loss-sensitive,79,1789520400,98.42176828649988,HOLD,0.000839598800342302,16.79197600684604,0,216,84,3464
loss-sensitive,80,1789524000,98.67610807376532,HOLD,-0.0018349414572906503,40.0,0,0,121,3464
loss-sensitive,81,1789527600,98.6308527188027,HOLD,0.0025841822565620324,40.0,0,493,78,3464
loss-sensitive,82,1789531200,98.65754060454174,HOLD,-0.00045862525231323735,22.15592156457336,0,0,104,3464
loss-sensitive,83,1789534800,98.72892336705695,BUY,0.000270583544635184,5.411670892703679,1,12,82,3464
loss-sensitive,84,1789538400,98.77005334187967,HOLD,0.0007235408675078625,14.470817350157251,0,170,80,3468
loss-sensitive,85,1789542000,98.56020437718874,SELL,0.0004165949897966903,8.331899795933806,1,50,74,3468
loss-sensitive,86,1789545600,98.48284824250764,BUY,-0.0021246213562787376,40.0,1,0,116,3469
loss-sensitive,87,1789549200,98.64789197267429,HOLD,-0.0007848617519608234,40.0,0,0,120,3469
loss-sensitive,88,1789552800,98.6452568425506,BUY,0.0016758626817965148,33.517253635930295,2,430,81,3469
loss-sensitive,89,1789556400,98.81581807974166,HOLD,-2.6712482861963542e-05,1.0826763969765787,0,0,77,3469
loss-sensitive,90,1789560000,98.6330311400755,HOLD,0.0017290363738755228,34.58072747751046,0,444,76,3469
loss-sensitive,91,1789563600,98.42540240581121,BUY,-0.0018497740869649957,40.0,1,0,124,3469
loss-sensitive,92,1789567200,98.45849443496944,HOLD,-0.0021050628969256687,40.0,0,0,119,3469
loss-sensitive,93,1789570800,98.52221903850379,HOLD,0.0003362143140831358,6.724286281662716,0,23,85,3469
loss-sensitive,94,1789574400,98.50312247822471,HOLD,0.0006472230141243173,12.944460282486345,0,149,69,3473
loss-sensitive,95,1789578000,98.4899142951356,BUY,-0.00019382998541289022,8.471341622759143,1,0,89,3473
loss-sensitive,96,1789581600,98.4084139496311,BUY,-0.000134088978671992,5.711847965458646,1,0,87,3473
loss-sensitive,97,1789585200,98.69728148032394,BUY,-0.0008274994052719627,40.0,1,0,122,3473
loss-sensitive,98,1789588800,98.6843167228697,SELL,0.002935394638518473,40.0,1,492,70,3473
loss-sensitive,99,1789592400,98.58325010505861,HOLD,-0.0001313588100886684,5.588810428069257,0,0,85,3476
loss-sensitive,100,1789596000,98.43393628320712,HOLD,-0.0010241406250489765,40.0,0,0,114,3476
loss-sensitive,101,1789599600,98.70666339792653,HOLD,-0.0015145962594291216,40.0,0,0,120,3485
loss-sensitive,102,1789603200,98.77082500924409,HOLD,0.002770661471209884,40.0,0,493,83,3485
loss-sensitive,103,1789606800,98.72669735496659,BUY,0.0006500230998478572,13.000461996957144,1,143,77,3486
loss-sensitive,104,1789610400,98.73038585843405,HOLD,-0.00044676810458327043,21.49520616321391,0,0,107,3486
loss-sensitive,105,1789614000,98.76974930859643,HOLD,3.736075009374599e-05,0.7472150018749197,0,0,80,3486
loss-sensitive,106,1789617600,98.83203324872679,BUY,0.0003986964075965856,7.973928151931712,1,47,75,3486
loss-sensitive,107,1789621200,98.69514447267302,HOLD,0.0006305973293072942,12.611946586145883,0,140,76,3486
loss-sensitive,108,1789624800,98.79456581876785,HOLD,-0.0013850648575574657,40.0,0,0,117,3486
loss-sensitive,109,1789628400,98.78498865186988,HOLD,0.0010073580278547214,20.147160557094427,0,267,77,3486
loss-sensitive,110,1789632000,98.85586615797355,HOLD,-9.694021952112711e-05,4.06121021902819,0,0,86,3486
loss-sensitive,111,1789635600,98.78901365039052,BUY,0.0007174926785024245,14.34985357004849,1,172,72,3486
loss-sensitive,112,1789639200,98.74789654331641,HOLD,-0.0006762624230735947,35.02242809809422,0,0,117,3486
loss-sensitive,113,1789642800,98.79186091622505,HOLD,-0.00041621133317127685,19.81243823570754,0,0,96,3495
loss-sensitive,114,1789646400,98.96081378821084,BUY,0.00044521832309966843,8.904366461993368,1,57,77,3495
loss-sensitive,115,1789650000,98.93390712607453,HOLD,0.001710190196023076,34.20380392046152,0,437,82,3495
loss-sensitive,116,1789653600,98.80796091030757,BUY,-0.00027189208643631213,12.26539930286768,1,0,85,3495
loss-sensitive,117,1789657200,98.9883028456315,HOLD,-0.0012730338811593471,40.0,0,0,113,3495
loss-sensitive,118,1789660800,98.9790621737867,HOLD,0.0018251761666008806,36.50352333201761,0,460,86,3495
loss-sensitive,119,1789664400,98.92742959630098,HOLD,-9.335114936968362e-05,3.9044466562063147,0,0,82,3495
loss-sensitive,120,1789668000,98.86152833434903,HOLD,-0.0005216515124690337,25.739378913108506,0,0,101,3495
loss-sensitive,121,1789671600,98.87328624803389,HOLD,-0.0006661576290910985,34.394978341188136,0,0,113,3498
loss-sensitive,122,1789675200,98.85644208219917,BUY,0.00011893315714382121,2.378663142876424,1,0,74,3498
loss-sensitive,123,1789678800,98.75963504382513,HOLD,-0.00017036114074814654,7.372087437628116,0,0,84,3498
loss-sensitive,124,1789682400,98.76670791100045,BUY,-0.0009792688906762146,40.0,2,0,158,3498
loss-sensitive,125,1789686000,98.69596142244026,SELL,7.161698372197724e-05,1.4323396744395447,1,0,146,3498
loss-sensitive,126,1789689600,98.7874988015147,HOLD,-0.0007162989438095537,37.53624021456528,0,0,152,3498
loss-sensitive,127,1789693200,98.81152895597971,BUY,0.000927468335635826,18.54936671271652,2,246,131,3498
loss-sensitive,128,1789696800,98.97052248770915,BUY,0.00024325096552235679,4.865019310447136,3,9,132,3498
loss-sensitive,129,1789700400,99.2303342636242,HOLD,0.0016090585117883168,32.18117023576633,0,418,137,3498
loss-sensitive,130,1789704000,99.35474126782175,BUY,0.002625143016167385,40.0,1,493,133,3498
loss-sensitive,131,1789707600,99.3042805433007,BUY,0.001253719491330634,25.07438982661268,1,332,135,3498
loss-sensitive,132,1789711200,99.36917704712357,BUY,-0.0005078844137395361,24.94645863831632,3,0,141,3498
loss-sensitive,133,1789714800,99.50295634235131,BUY,0.0006535116459010056,13.070232918020112,1,147,132,3498
loss-sensitive,134,1789718400,99.79758685672535,BUY,0.0013462856310493194,26.92571262098639,2,354,137,3498
loss-sensitive,135,1789722000,99.76958608909835,BUY,0.0029610227193684674,40.0,1,491,132,3498
loss-sensitive,136,1789725600,99.81687971458581,HOLD,-0.0002805755981573144,12.700256719405882,1,0,139,3507
loss-sensitive,137,1789729200,99.67092869659555,HOLD,0.00047402848243970796,9.480569648794159,0,70,139,3507
loss-sensitive,138,1789732800,99.65961486420262,BUY,-0.0014621877422695555,40.0,2,0,161,3507
loss-sensitive,139,1789736400,100.97831491802899,BUY,-0.0001135118588828854,4.7912479939518855,1,0,131,3507
loss-sensitive,140,1789740000,101.55039878847467,HOLD,0.013232040437074153,40.0,0,495,134,3507
loss-sensitive,141,1789743600,101.41601316471503,BUY,0.005665413122709331,40.0,2,495,137,3521
loss-sensitive,142,1789747200,101.4956357114986,HOLD,-0.0013233392026312815,40.0,0,0,162,3521
loss-sensitive,143,1789750800,101.51970312732472,SELL,0.0007851082319145097,15.702164638290196,1,194,132,3521
loss-sensitive,144,1789754400,101.48411774108061,HOLD,0.00023712759329407238,4.742551865881447,0,6,128,3521
loss-sensitive,145,1789758000,101.52531791878617,SELL,-0.00035052689426676024,16.29419670395846,2,0,144,3521
loss-sensitive,146,1789761600,101.48814896922113,HOLD,0.00040597660621802755,8.119532124360552,0,44,130,3522
loss-sensitive,147,1789765200,101.53736959680624,HOLD,-0.0003661052270210913,17.116225414907106,0,0,145,3522
loss-sensitive,148,1789768800,101.42581481240214,BUY,0.0004849889182632277,9.699778365264555,2,75,127,3522
loss-sensitive,149,1789772400,101.20907460434071,BUY,-0.0010986574189096995,40.0,2,0,161,3522
loss-sensitive,150,1789776000,101.69796366224318,HOLD,-0.0021369333681204353,40.0,0,0,166,3523
loss-sensitive,151,1789779600,101.45112647683284,BUY,0.0048304863947595846,40.0,1,495,142,3523
loss-sensitive,152,1789783200,101.45959135803933,HOLD,-0.002427159566637269,40.0,0,0,160,3523
loss-sensitive,153,1789786800,101.35275893478305,BUY,8.34380208526085e-05,1.66876041705217,2,0,127,3523
loss-sensitive,154,1789790400,101.28864448768176,HOLD,-0.001052955386734055,40.0,0,0,158,3523
loss-sensitive,155,1789794000,101.30093972892865,BUY,-0.0006325870925975476,32.3309523040291,2,0,152,3523
loss-sensitive,156,1789797600,101.30134612082743,HOLD,0.00012138815075553089,2.4277630151106178,2,0,131,3523
loss-sensitive,157,1789801200,101.33260703611784,HOLD,4.011728813797829e-06,0.0,0,0,131,3527
loss-sensitive,158,1789804800,101.47296854577178,BUY,0.0003085932861457168,6.171865722914336,1,21,133,3527
loss-sensitive,159,1789808400,101.4737125555557,HOLD,0.0013851564048274767,27.703128096549534,0,367,129,3527
loss-sensitive,160,1789812000,101.40541370782921,HOLD,7.332098336870609e-06,0.0,1,0,135,3528
loss-sensitive,161,1789815600,101.46193344267427,BUY,-0.0006730693694595698,34.82385070357547,3,0,159,3528
loss-sensitive,162,1789819200,101.48068373966545,BUY,0.0005573640773056576,11.147281546113152,1,107,131,3528
loss-sensitive,163,1789822800,101.48913043897693,BUY,0.00018480129793487784,3.696025958697557,1,1,129,3528
loss-sensitive,164,1789826400,101.63379970275788,BUY,8.323455262814178e-05,1.6646910525628356,2,0,126,3529
loss-sensitive,165,1789830000,101.67854032472152,BUY,0.0014254655957265233,28.509311914530464,2,374,130,3529
loss-sensitive,166,1789833600,101.79539362607709,BUY,0.00044021400453870727,8.804280090774144,1,60,127,3529
loss-sensitive,167,1789837200,101.54116457018941,SELL,0.0011492425145204854,22.98485029040971,2,307,134,3529
loss-sensitive,168,1789840800,101.52866178707107,HOLD,-0.0024974514742928337,40.0,0,0,167,3529
loss-sensitive,169,1789844400,101.42312168014716,BUY,-0.00012313019228473858,5.219628576222232,4,0,137,3529
loss-sensitive,170,1789848000,101.28790583839519,BUY,-0.001039510469912999,40.0,2,0,161,3529
loss-sensitive,171,1789851600,101.24762042138663,HOLD,-0.001333185564711633,40.0,0,0,155,3529
loss-sensitive,172,1789855200,101.3524327669323,BUY,-0.00039773175953342163,18.808847252097806,2,0,139,3530
loss-sensitive,173,1789858800,101.35333203323171,HOLD,0.001035207989179784,20.70415978359568,0,277,131,3530
loss-sensitive,174,1789862400,101.37190438027675,HOLD,8.872666149916018e-06,0.0,0,0,133,3530
loss-sensitive,175,1789866000,101.25203967644951,BUY,0.00018324357643154885,3.664871528630977,1,2,129,3530
loss-sensitive,176,1789869600,100.77351135196429,BUY,-0.0011824252938721735,40.0,1,0,164,3530
loss-sensitive,177,1789873200,100.86929570266254,HOLD,-0.004726110466656766,40.0,0,0,155,3530
loss-sensitive,178,1789876800,100.83002774092107,HOLD,0.0009504913485023193,19.009826970046383,0,249,127,3530
loss-sensitive,179,1789880400,100.86754088439768,HOLD,-0.0003892954884627564,18.354251347828892,0,0,148,3530
loss-sensitive,180,1789884000,100.752940635365,HOLD,0.00037204337157384257,7.440867431476851,0,31,123,3530
loss-sensitive,181,1789887600,100.75890757794657,BUY,-0.001136145959620787,40.0,1,0,158,3530
loss-sensitive,182,1789891200,100.72353839498388,BUY,5.922350795866949e-05,1.1844701591733897,1,1,133,3530
loss-sensitive,183,1789894800,100.85018592539024,HOLD,-0.0003510278526525087,16.320509775306125,2,0,142,3530
loss-sensitive,184,1789898400,100.75793486265928,HOLD,0.0012573776936798406,25.147553873596813,0,335,133,3530
loss-sensitive,185,1789902000,100.77338712664363,SELL,-0.0009147336902205199,40.0,1,0,161,3530
loss-sensitive,186,1789905600,100.77749108916358,HOLD,0.00015336026889997646,3.067205377999529,0,1,129,3530
loss-sensitive,187,1789909200,100.75752881648302,BUY,4.072466587630318e-05,0.8144933175260636,1,0,135,3533
loss-sensitive,188,1789912800,100.83110031743527,HOLD,-0.0001980826518384197,8.672610113753143,1,0,135,3533
loss-sensitive,189,1789916400,100.97794913348437,HOLD,0.0007301836579008183,14.603673158016367,0,179,129,3533
loss-sensitive,190,1789920000,101.2519738689097,HOLD,0.0014563841472203802,29.127682944407603,0,382,132,3533
loss-sensitive,191,1789923600,101.09581576414936,SELL,0.002713708663889463,40.0,3,492,134,3533
loss-sensitive,192,1789927200,100.96474904049857,BUY,-0.0015422722026389294,40.0,2,1,158,3533
loss-sensitive,193,1789930800,101.05308140131758,BUY,-0.0012964604188619806,40.0,3,0,156,3533
loss-sensitive,194,1789934400,100.9976458380538,HOLD,0.000874883181094916,17.49766362189832,0,230,130,3533
loss-sensitive,195,1789938000,100.90219597926567,BUY,-0.0005485786528728454,27.306467992007473,1,0,154,3533
loss-sensitive,196,1789941600,101.07430355805316,HOLD,-0.0009450701350125751,40.0,0,0,163,3536
loss-sensitive,197,1789945200,101.05133677304806,BUY,0.001705687147015634,34.11374294031268,1,436,128,3536
loss-sensitive,198,1789948800,101.31982883291091,HOLD,-0.00022722674504407127,10.068895750663145,0,0,138,3536
loss-sensitive,199,1789952400,100.93533145475593,BUY,0.0026569867201841706,40.0,1,492,130,3536
loss-sensitive,200,1789956000,101.13870526445919,HOLD,-0.003794887758733472,40.0,0,0,155,3536
loss-sensitive,201,1789959600,101.20826608589078,BUY,0.002014892176724316,40.0,1,492,136,3536
loss-sensitive,202,1789963200,101.18280697478639,BUY,0.0006877764674731139,13.755529349462279,2,159,131,3536
loss-sensitive,203,1789966800,101.28954083998912,HOLD,-0.000251551697198246,11.256714202448697,0,0,137,3536
loss-sensitive,204,1789970400,101.33913812936528,HOLD,0.001054861674566121,21.09723349132242,0,281,135,3536
loss-sensitive,205,1789974000,101.39106574364429,HOLD,0.0004896585468238446,9.79317093647689,0,75,130,3536
loss-sensitive,206,1789977600,102.6510113566258,BUY,0.0005124142087406035,10.248284174812067,2,86,139,3540
loss-sensitive,207,1789981200,103.21707469111513,HOLD,0.012426594037063712,40.0,3,493,138,3543
loss-sensitive,208,1789984800,103.07894374787641,HOLD,0.005514444787326434,40.0,0,491,130,3547
loss-sensitive,209,1789988400,103.3686641952901,BUY,-0.0013382567143283414,40.0,4,0,160,3547
loss-sensitive,210,1789992000,103.63111859517737,HOLD,0.002810665659538673,40.0,1,494,132,3547
loss-sensitive,211,1789995600,103.72048094746793,BUY,0.002539013171258916,40.0,2,494,139,3547
loss-sensitive,212,1789999200,103.96304035426752,HOLD,0.0008623119532237552,17.246239064475105,0,222,126,3547
loss-sensitive,213,1790002800,104.02563512425156,HOLD,0.0023385873704387513,40.0,0,492,129,3547
loss-sensitive,214,1790006400,104.04726228397827,BUY,0.0006020867586282371,12.041735172564742,1,121,129,3547
loss-sensitive,215,1790010000,104.0062884429057,HOLD,0.00020790221276596255,4.1580442553192505,2,4,131,3547
loss-sensitive,216,1790013600,104.11200045440772,HOLD,-0.0003938002804988616,18.596717176579425,0,0,148,3547
loss-sensitive,217,1790017200,104.3756823248989,HOLD,0.0010164001916099477,20.328003832198952,0,266,135,3547
loss-sensitive,218,1790020800,104.67790801851584,BUY,0.0025326750935561883,40.0,5,492,131,3547
loss-sensitive,219,1790024400,104.41451899634131,BUY,0.002895556578745737,40.0,3,492,137,3547
loss-sensitive,220,1790028000,104.33092014815539,BUY,-0.0025161853839105325,40.0,2,0,157,3550
loss-sensitive,221,1790031600,104.43797178493578,HOLD,-0.0008006439045977619,40.0,0,0,154,3550
loss-sensitive,222,1790035200,103.99005093836874,HOLD,0.0010260777593868258,20.521555187736517,0,269,136,3550
loss-sensitive,223,1790038800,103.8172143541972,BUY,-0.00428886964110547,40.0,1,0,155,3550
loss-sensitive,224,1790042400,103.88035120510784,HOLD,-0.001662049230786192,40.0,0,0,159,3550
loss-sensitive,225,1790046000,103.86031290326943,HOLD,0.000608153968524236,12.16307937048472,0,127,125,3550
loss-sensitive,226,1790049600,103.7180758527821,BUY,-0.00019289790230728925,8.427313179236332,1,0,137,3550
loss-sensitive,227,1790053200,103.69261051086247,BUY,-0.0013695033888429747,40.0,1,0,162,3550
loss-sensitive,228,1790056800,103.66802371389282,HOLD,-0.000245524627315603,10.960521325088589,0,0,141,3550
loss-sensitive,229,1790060400,103.6559483939417,BUY,-0.00023711233470262802,10.549180095188754,5,0,138,3550
loss-sensitive,230,1790064000,104.19114426969114,BUY,-0.00011648066123510973,4.923108657881045,1,0,140,3550
loss-sensitive,231,1790067600,104.21607999231468,HOLD,0.005163195012363837,40.0,0,493,128,3550
loss-sensitive,232,1790071200,103.98287303920274,HOLD,0.00023932669900427654,4.78653398008553,0,6,131,3550
loss-sensitive,233,1790074800,104.04800375099282,HOLD,-0.0022377252447908077,40.0,3,0,164,3550
loss-sensitive,234,1790078400,104.07716396635469,HOLD,0.0006263599945495356,12.52719989099071,0,137,135,3550
loss-sensitive,235,1790082000,104.27235671563697,BUY,0.0002802573265283501,5.605146530567002,2,14,131,3550
loss-sensitive,236,1790085600,104.21861593412072,BUY,0.001875461838539301,37.50923677078602,1,470,131,3550
loss-sensitive,237,1790089200,104.32759912362806,HOLD,-0.0005153885766945408,25.377964428684336,0,0,147,3550
loss-sensitive,238,1790092800,104.33288908577384,BUY,0.00104571710658907,20.9143421317814,1,277,142,3550
loss-sensitive,239,1790096400,104.43338590491305,HOLD,5.07052993667153e-05,1.014105987334306,0,0,134,3550
loss-sensitive,240,1790100000,104.35983113090732,BUY,0.0009632323998676354,19.264647997352707,2,251,132,3550
loss-sensitive,241,1790103600,104.19883309570749,BUY,-0.00070432240962389,36.77963163218428,3,0,155,3550
loss-sensitive,242,1790107200,104.24245503326057,BUY,-0.0015427203499197115,40.0,2,0,156,3550
loss-sensitive,243,1790110800,104.18381060014393,HOLD,0.00041864132502341365,8.372826500468273,1,52,134,3550
loss-sensitive,244,1790114400,104.14321683880151,HOLD,-0.0005625772445394532,28.1295575147022,0,0,153,3550
loss-sensitive,245,1790118000,104.19067695854751,HOLD,-0.0003896359819110823,18.372555703911516,0,0,142,3550
loss-sensitive,246,1790121600,104.35484024789346,BUY,0.00045571974043658633,9.114394808731726,1,60,137,3550
loss-sensitive,247,1790125200,104.29159124230836,HOLD,0.001575604402793784,31.51208805587568,0,409,129,3550
loss-sensitive,248,1790128800,104.40258075432565,HOLD,-0.0006060955623606714,30.72463884594766,0,0,148,3550
loss-sensitive,249,1790132400,104.41760328307953,SELL,0.0010642230183200141,21.284460366400282,3,282,133,3550
loss-sensitive,250,1790136000,104.64629210949295,BUY,0.00014389039662944698,2.877807932588939,1,0,127,3550
loss-sensitive,251,1790139600,104.23859816854186,HOLD,0.002190136712805413,40.0,0,494,128,3550
loss-sensitive,252,1790143200,104.21996950171904,HOLD,-0.0038959234267423176,40.0,0,0,162,3550
loss-sensitive,253,1790146800,103.99535167937813,SELL,-0.00017871179342510363,7.760988123637438,1,0,138,3550
loss-sensitive,254,1790150400,103.79456181908918,BUY,-0.0021552282486246824,40.0,1,0,161,3550
loss-sensitive,255,1790154000,103.7611209581434,BUY,-0.0019307580295318553,40.0,2,0,161,3550
loss-sensitive,256,1790157600,103.796034096072,HOLD,-0.0003221831699050805,14.818650451482794,0,0,138,3550
loss-sensitive,257,1790161200,103.6335511674356,BUY,0.00033647610594613077,6.729522118922615,1,22,128,3550
loss-sensitive,258,1790164800,103.53887965085354,BUY,-0.0015654059430248112,40.0,1,0,160,3550
loss-sensitive,259,1790168400,103.72080421279303,BUY,-0.0009135218808540424,40.0,3,0,164,3550
loss-sensitive,260,1790172000,102.95673543621784,BUY,0.0017570651966967244,35.14130393393449,2,447,124,3550
loss-sensitive,261,1790175600,102.63630020711997,BUY,-0.007366591325378025,40.0,1,0,164,3550
loss-sensitive,262,1790179200,102.58705827541058,SELL,-0.0031123289577918863,40.0,2,0,157,3550
loss-sensitive,263,1790182800,102.69540014346286,BUY,-0.0004797711103189071,23.34486445210163,2,0,145,3550
loss-sensitive,264,1790186400,102.69405299456716,BUY,0.0010560968398315503,21.121936796631005,1,282,135,3550
loss-sensitive,265,1790190000,102.81760072552423,BUY,-1.3117908823764338e-05,0.5281467303976913,1,0,133,3550
loss-sensitive,266,1790193600,102.6155887803971,SELL,0.00120306607203049,24.061321440609795,3,321,127,3550
loss-sensitive,267,1790197200,102.65072301741345,BUY,-0.001964760349411379,40.0,1,0,156,3550
loss-sensitive,268,1790200800,102.74251421551185,BUY,0.000342386935882984,6.847738717659679,1,23,132,3554
loss-sensitive,269,1790204400,102.63791253727044,BUY,0.0008942089777860134,17.884179555720266,1,233,139,3554
loss-sensitive,270,1790208000,102.59102191992984,HOLD,-0.0010180953721066414,40.0,0,0,159,3554
loss-sensitive,271,1790211600,102.4687776849499,BUY,-0.000456854744815319,22.056990568391956,1,0,143,3567
loss-sensitive,272,1790215200,102.62042714297397,BUY,-0.001191568547541643,40.0,1,0,160,3567
loss-sensitive,273,1790218800,102.36352538765094,HOLD,0.0014799577144399554,29.599154288799106,0,385,132,3567
loss-sensitive,274,1790222400,102.42213422261165,HOLD,-0.0025034173261149844,40.0,0,0,153,3567
loss-sensitive,275,1790226000,102.38621719829729,HOLD,0.0005725558468092643,11.451116936185286,0,115,123,3567
loss-sensitive,276,1790229600,102.46553192973772,HOLD,-0.00035067639028378973,16.30204820604918,0,0,141,3567
loss-sensitive,277,1790233200,102.71397832044946,BUY,0.0007746621919512955,15.49324383902591,1,191,135,3567
loss-sensitive,278,1790236800,102.18442151521774,BUY,0.0024246825838184303,40.0,1,492,129,3567
loss-sensitive,279,1790240400,101.94574191560764,BUY,-0.005155644965669561,40.0,1,0,158,3567
loss-sensitive,280,1790244000,102.09967932608119,HOLD,-0.0023357728709609876,40.0,0,0,164,3567
loss-sensitive,281,1790247600,102.0821615960559,BUY,0.0015099935277431275,30.199870554862546,2,396,127,3567
loss-sensitive,282,1790251200,102.14952520361732,BUY,-0.00017157478006706278,7.4284541872640615,1,0,133,3567
loss-sensitive,283,1790254800,102.55143245599137,BUY,0.0006598959750478107,13.197919500956214,4,151,130,3567
loss-sensitive,284,1790258400,102.18988345134947,HOLD,0.003934499466080953,40.0,0,494,130,3570
loss-sensitive,285,1790262000,102.65234947418058,BUY,-0.0035255383175369225,40.0,1,0,162,3570
loss-sensitive,286,1790265600,102.69296450821857,BUY,0.004525555830106036,40.0,2,493,125,3574
loss-sensitive,287,1790269200,102.46296345967501,BUY,0.00039565615639609473,7.913123127921895,3,38,131,3574
loss-sensitive,288,1790272800,102.57593223430466,SELL,-0.002239696260060296,40.0,3,0,158,3574
loss-sensitive,289,1790276400,102.47796020260095,BUY,0.001102532767111714,22.05065534223428,1,296,131,3574
loss-sensitive,290,1790280000,102.39185875429804,SELL,-0.0009551171465829712,40.0,1,0,160,3575
loss-sensitive,291,1790283600,102.3059563741314,BUY,-0.0008401947904962486,40.0,1,0,156,3575
loss-sensitive,292,1790287200,102.27160059568787,HOLD,-0.0008389571320584481,40.0,0,0,161,3575
loss-sensitive,293,1790290800,102.34526747130289,BUY,-0.00033581405874255605,15.525009336982098,1,0,140,3575
loss-sensitive,294,1790294400,102.46188662732669,BUY,0.0007203062745272807,14.406125490545614,1,170,136,3575
loss-sensitive,295,1790298000,102.47307701727871,BUY,0.0011394679881657085,22.789359763314167,3,301,135,3575
loss-sensitive,296,1790301600,102.24542783166592,HOLD,0.00010921514643506422,2.1843029287012845,0,0,127,3575
loss-sensitive,297,1790305200,102.24233686879596,BUY,-0.0022215511843604405,40.0,1,0,163,3575
loss-sensitive,298,1790308800,102.2264389077685,BUY,-3.0230817509481385e-05,1.2273746562606924,2,0,129,3575
loss-sensitive,299,1790312400,102.22154629356913,BUY,-0.00015549293486769654,6.685814138255306,1,0,129,3575
loss-sensitive,300,1790316000,102.12483906688382,BUY,-4.7860555954393524e-05,1.9596994775066463,2,0,135,3575
loss-sensitive,301,1790319600,102.06028678295016,SELL,-0.0009460552123480187,40.0,1,0,164,3575
loss-sensitive,302,1790323200,102.22810765372729,BUY,-0.0006320919036298122,32.30074387243935,1,0,143,3575
loss-sensitive,303,1790326800,102.32553078391433,HOLD,0.00164433077808257,32.886615561651396,0,422,124,3575
loss-sensitive,304,1790330400,102.41145813025554,BUY,0.0009529974918153759,19.059949836307517,1,250,131,3575
loss-sensitive,305,1790334000,102.33008422994186,BUY,0.0008397449364095882,16.794898728191765,1,216,127,3575
loss-sensitive,306,1790337600,102.25641056458821,BUY,-0.0007945780852976472,40.0,1,0,157,3575
loss-sensitive,307,1790341200,101.922468957586,HOLD,-0.0007199609568200263,37.768369044676355,0,0,158,3575
loss-sensitive,308,1790344800,101.9827430014738,HOLD,-0.003265727841984722,40.0,0,0,161,3575
loss-sensitive,309,1790348400,101.84991909155815,BUY,0.0005913715052653504,11.827430105307009,1,123,128,3575
loss-sensitive,310,1790352000,101.81759712004786,BUY,-0.001302415546066926,40.0,2,0,161,3575
loss-sensitive,311,1790355600,101.83592221401932,BUY,-0.0003173490150859188,14.56959808874294,3,0,140,3575
loss-sensitive,312,1790359200,101.95032345516584,BUY,0.0001799796350511755,3.5995927010235103,1,1,131,3575
loss-sensitive,313,1790362800,101.98288792410615,BUY,0.0011233878837577731,22.46775767515546,2,297,126,3575
loss-sensitive,314,1790366400,101.90024859217249,BUY,0.0003194150625194155,6.388301250388309,1,21,128,3575
loss-sensitive,315,1790370000,101.85180316862575,HOLD,-0.0008103254733789421,40.0,0,0,162,3575
loss-sensitive,316,1790373600,102.016431272714,HOLD,-0.00047542007223783653,23.099115412092043,0,0,146,3575
loss-sensitive,317,1790377200,102.03735254560863,BUY,0.001616349430904957,32.326988618099136,4,415,134,3575
loss-sensitive,318,1790380800,101.9228479444972,HOLD,0.00020507748245666732,4.1015496491333465,0,2,130,3575
loss-sensitive,319,1790384400,102.02501014980041,HOLD,-0.0011221831834596408,40.0,1,0,159,3575
loss-sensitive,320,1790388000,101.98057752489082,BUY,0.0010023484170972017,20.046968341944034,2,264,135,3575
loss-sensitive,321,1790391600,101.93888697904995,HOLD,-0.0004355071844085091,20.871708484127705,0,0,142,3575
loss-sensitive,322,1790395200,101.96585176989204,HOLD,-0.00040880868546455294,19.409132092026233,0,0,152,3575
loss-sensitive,323,1790398800,101.93108634169924,BUY,0.00026451918047365333,5.290383609473066,1,8,133,3575
loss-sensitive,324,1790402400,101.90938682906892,BUY,-0.00034095167734451233,15.792809130872248,2,0,141,3575
loss-sensitive,325,1790406000,102.04391286338058,BUY,-0.00021288414956719025,9.378059386184992,1,0,140,3575
loss-sensitive,326,1790409600,102.02341298314656,SELL,0.0013200553795627555,26.40110759125511,1,350,130,3575
loss-sensitive,327,1790413200,101.89104248010639,SELL,-0.0002008927299902984,8.805952119185596,2,0,139,3575
loss-sensitive,328,1790416800,101.94975752443874,HOLD,-0.0012974522138564247,40.0,0,0,160,3575
loss-sensitive,329,1790420400,101.94367870332943,HOLD,0.0005762532495808514,11.525064991617029,0,120,131,3575
loss-sensitive,330,1790424000,101.89986824717374,HOLD,-5.962565539065554e-05,2.455101148425621,0,0,128,3575
loss-sensitive,331,1790427600,101.78586930861951,BUY,-0.00042975157177881654,20.554539738408362,3,0,152,3575
loss-sensitive,332,1790431200,101.76996671213634,BUY,-0.0011187348964741804,40.0,1,0,158,3575
loss-sensitive,333,1790434800,101.85013540367262,HOLD,-0.000156235797672059,6.719914478602291,0,0,137,3575
loss-sensitive,334,1790438400,101.82434568703027,HOLD,0.0007877441068940769,15.754882137881536,0,202,131,3575
loss-sensitive,335,1790442000,101.83788286442196,BUY,-0.0002532123942707364,11.338544054403004,1,0,140,3575
loss-sensitive,336,1790445600,101.75787778246023,HOLD,0.0001329463725040717,2.6589274500814337,0,0,128,3579
