timestamp,open,close
1788876000,77930.5,78538.62
1788879600,78538.62,78900
1788883200,78900,78730.82
1788886800,78730.82,78493.18
1788890400,78493.18,78423.59
1788894000,78423.59,78434.47
1788897600,78429.72,78482.46
1788901200,78482.45,78485.84
1788904800,78485.17,78545.41
1788908400,78545.42,78447.11
1788912000,78449.28,78766.73
1788915600,78766.78,78879.7
1788919200,78879.69,78717.12
1788922800,78717.11,78619.71
1788926400,78619.71,79159.11
1788930000,79159.11,78921.79
1788933600,78921.79,79150.25
1788937200,79150.25,79258.79
1788940800,79258.8,79695.38
1788944400,79695.38,78940
1788948000,78940.01,78901.75
1788951600,78901.76,79294.26
1788955200,79295.66,79587.32
1788958800,79588.15,79119.65
1788962400,79119.65,78941.83
1788966000,78941.83,78582.07
1788969600,78582.07,78783.18
1788973200,78783.18,78754.89
1788976800,78754.88,78399.35
1788980400,78399.34,78212.95
1788984000,78211.64,78303.89
1788987600,78304.44,78128.28
1788991200,78132.81,77892.29
1788994800,77892.24,78283.98
1788998400,78283.98,78151.72
1789002000,78151.72,78070.4
1789005600,78070.4,78326.1
1789009200,78326.11,78297.16
1789012800,78297.15,78368.72
1789016400,78368.73,78500.05
1789020000,78502.14,78394.43
1789023600,78394.43,78079.51
1789027200,78079.51,78085.45
1789030800,78085.45,77959.8
1789034400,77959.81,77830.44
1789038000,77830.44,77810.35
1789041600,77810.35,76868.45
1789045200,76869.11,77145.03
1789048800,77145.02,77390.8
1789052400,77390.8,77218.74
1789056000,77218.74,77160.22
1789059600,77160.21,77286.04
1789063200,77286.05,77218.6
1789066800,77218.91,77123.6
1789070400,77128.07,77239.01
1789074000,77239.02,77125.97
1789077600,77125.98,76802.14
1789081200,76802.16,76536.55
1789084800,76536.55,76878.72
1789088400,76878.71,76949.1
1789092000,76949.09,76813.67
1789095600,76813.67,76866.34
1789099200,76865.74,77086
1789102800,77086,77225.28
1789106400,77225.28,77265.11
1789110000,77265.11,77199.53
1789113600,77199.53,77337.07
1789117200,77337.07,77005.96
1789120800,77004.43,76966.64
1789124400,76966.64,76999.27
1789128000,76999.27,77990.86
1789131600,77995.3,79223.77
1789135200,79223.77,78776.91
1789138800,78781.41,77694.35
1789142400,77691.97,77893.44
1789146000,77893.45,77505.18
1789149600,77505.18,77033.98
1789153200,77029.26,77257.36
1789156800,77266.12,77305.96
1789160400,77307.52,77106.23
1789164000,77106.24,77121.61
1789167600,77121.61,77208.55
1789171200,77208.55,77271.11
1789174800,77271.12,77250.02
1789178400,77250.02,77270.69
1789182000,77270.68,77259.23
1789185600,77259.24,77206.75
1789189200,77206.76,77200
1789192800,77200.01,77279.06
1789196400,77279.05,77257
1789200000,77257,77340.73
1789203600,77340.73,77336.02
1789207200,77336.03,77311.71
1789210800,77311.71,77339.8
1789214400,77339.8,77319.47
1789218000,77319.48,77351.6
1789221600,77351.6,77444.01
1789225200,77446.62,77363.97
1789228800,77363.97,77337.96
1789232400,77337.96,77191.42
1789236000,77191.42,77126.28
1789239600,77126.28,77105.44
1789243200,77105.44,77152.69
1789246800,77152.69,77240.79
1789250400,77240.79,77219.84
1789254000,77219.83,77262.85
1789257600,77262.85,77252.96
1789261200,77252.96,77299.53
1789264800,77299.52,77268.02
1789268400,77268.03,77176.07
1789272000,77176.07,77188.43
1789275600,77188.42,77291.43
1789279200,77291.43,77099.74
1789282800,77099.75,77100.18
1789286400,77098.82,76777.69
1789290000,76777.68,76766.09
1789293600,76766.09,76642.43
1789297200,76642.44,76759.13
1789300800,76760.54,76730.18
1789304400,76731.88,76818.08
1789308000,76818.08,77178.03
1789311600,77178.03,77105.27
1789315200,77105.27,77256.41
1789318800,77256.64,77298.59
1789322400,77298.6,77312.34
1789326000,77312.33,77253.72
1789329600,77253.73,77322.58
1789333200,77323.31,77280.56
1789336800,77280.55,76676.7
1789340400,76676.7,76799.85
1789344000,76799.85,76767.39
1789347600,76767.4,77076.83
1789351200,77074.05,77568.87
1789354800,77569.04,77566.5
1789358400,77566.5,77646.46
1789362000,77646.45,77576.64
1789365600,77576.65,77557.56
1789369200,77557.57,77855.5
1789372800,77855.51,77705.03
1789376400,77705.03,78120.42
1789380000,78120.44,77868.6
1789383600,77868.58,77745.43
1789387200,77745.42,77659.24
1789390800,77659.24,78148.75
1789394400,78148.76,78498.28
1789398000,78498.28,78552.45
1789401600,78552.45,78752.83
1789405200,78752.84,78941.8
1789408800,78941.81,79219.79
1789412400,79219.79,78982.77
1789416000,78982.77,79089.64
1789419600,79089.64,78742.7
1789423200,78742.71,78541.29
1789426800,78541.3,78175.01
1789430400,78175,77938.07
1789434000,77938.06,77893.88
1789437600,77893.87,77886.8
1789441200,77886.82,77660.32
1789444800,77660.32,77547.75
1789448400,77547.76,77610.01
1789452000,77610.09,77265.01
1789455600,77265.01,76878.62
1789459200,76877.81,76955.06
1789462800,76955.06,76946.72
1789466400,76946.71,77014.58
1789470000,77014.58,76895.19
1789473600,76895.59,76914.72
1789477200,76914.71,76571.36
1789480800,76579.01,75869.26
1789484400,75869.26,76466.09
1789488000,76464.95,76330.6
1789491600,76329.49,76911.06
1789495200,76909.14,75931.01
1789498800,75930.01,76126.33
1789502400,76126.35,75874.28
1789506000,75873.92,75390.09
1789509600,75390.1,75611
1789513200,75611,75584.17
1789516800,75584.17,75712.21
1789520400,75712.21,75434.59
1789524000,75434.59,75824.85
1789527600,75824.86,75755.41
1789531200,75755.41,75796.36
1789534800,75796.36,75905.89
1789538400,75905.03,75969
1789542000,75969,75690.46
1789545600,75690.46,75670.39
1789549200,75670.39,75924.05
1789552800,75924.04,75920
1789556400,75930.4,76182.14
1789560000,76182.14,75901.21
1789563600,75899.72,75582.1
1789567200,75582.09,75632.96
1789570800,75637.85,75730.9
1789574400,75730.91,75701.55
1789578000,75701.56,75681.25
1789581600,75688.82,75555.99
1789585200,75555.99,76000
1789588800,75992.8,76101.98
1789592400,76102.99,75907.46
1789596000,75907.47,75620.08
1789599600,75620.08,76144.99
1789603200,76144.99,76268.48
1789606800,76268.49,76298.04
1789610400,76298.04,76303.74
1789614000,76303.74,76364.57
1789617600,76364.58,76460.82
1789621200,76460.82,76249.28
1789624800,76250.29,76402.92
1789628400,76402.92,76388.12
1789632000,76388.14,76497.65
1789635600,76497.73,76394.34
1789639200,76394.34,76330.8
1789642800,76330.8,76398.74
1789646400,76398.6,76659.83
1789650000,76659.83,76618.25
1789653600,76618.24,76423.62
1789657200,76423.62,76702.31
1789660800,76704.34,76688.03
1789664400,76688.03,76608.24
1789668000,76608.24,76506.4
1789671600,76506.41,76524.57
1789675200,76524.55,76498.54
1789678800,76498.54,76348.94
1789682400,76312.39,76359.87
1789686000,76359.87,76348.74
1789689600,76348.74,76526.11
1789693200,76526.11,76662.85
1789696800,76663.57,76909.34
1789700400,76909.34,77312.13
1789704000,77312.13,77505
1789707600,77508.49,77426.77
1789711200,77426.78,77527.38
1789714800,77527.38,77734.78
1789718400,77734.78,78191.55
1789722000,78191.55,78148.14
1789725600,78148.14,78221.46
1789729200,78221.46,77995.19
1789732800,77995.71,77977.65
1789736400,77977.65,80022.05
1789740000,80024.05,80908.96
1789743600,80913.02,80700.62
1789747200,80700.63,80824.06
1789750800,80825.32,80994.64
1789754400,80994.65,80926.37
1789758000,80926.37,81193.47
1789761600,81199.62,81099.99
1789765200,81099.99,81223.78
1789768800,81223.78,81133.49
1789772400,81133.49,80875.04
1789776000,80875.04,81657.62
1789779600,81659,81262.5
1789783200,81262.5,81276.05
1789786800,81276.05,81105.04
1789790400,81105.04,81002.41
1789794000,81002.41,81022.5
1789797600,81022.5,81023.15
1789801200,81023.15,81073.15
1789804800,81073.15,81297.65
1789808400,81297.66,81298.84
1789812000,81298.84,81189.6
1789815600,81189.6,81280
1789819200,81280,81309.99
1789822800,81309.99,81323.5
1789826400,81324.88,81554.89
1789830000,81554.89,81626.45
1789833600,81626.45,81813.35
1789837200,81813.35,81437.1
1789840800,81437.1,81412.24
1789844400,81412.24,81345.02
1789848000,81342.96,81128.35
1789851600,81129.99,81063.73
1789855200,81063.73,81232.47
1789858800,81232.47,81233.91
1789862400,81233.91,81263.65
1789866000,81261.98,81071.71
1789869600,81071.71,80305.44
1789873200,80303.45,80458.82
1789876800,80459.85,80395.94
1789880400,80395.95,80456.01
1789884000,80456.02,80272.5
1789887600,80272.5,80284.56
1789891200,80284.56,80228.2
1789894800,80228.2,80430.01
1789898400,80430.01,80283.01
1789902000,80283.01,80442.98
1789905600,80437.36,80451.14
1789909200,80451.15,80522.05
1789912800,80522.05,80639.59
1789916400,80639.59,80874.2
1789920000,80874.2,81311.99
1789923600,81317.7,81129.33
1789927200,81129.33,81020.32
1789930800,81020.32,81162.44
1789934400,81162.45,81073.47
1789938000,81073.48,80920.28
1789941600,80920.28,81196.5
1789945200,81196.49,81159.64
1789948800,81160.33,81590.55
1789952400,81588.5,80973.46
1789956000,80973.46,81299.86
1789959600,81299.86,81411.5
1789963200,81411.5,81370.64
1789966800,81370.65,81541.94
1789970400,81541.94,81621.54
1789974000,81621.55,81704.88
1789977600,81707.14,83727
1789981200,83727,84635.49
1789984800,84635.5,84413.8
1789988400,84413.81,84878.78
1789992000,84878.78,85300
1789995600,85300,85443.42
1789999200,85444.68,85832.71
1790002800,85832.38,85933.17
1790006400,85933.17,85967.88
1790010000,85967.89,85902.12
1790013600,85907.4,86071.78
1790017200,86071.79,86494.97
1790020800,86490.34,86980.02
1790024400,86980.03,86557.3
1790028000,86557.31,86423.13
1790031600,86423.13,86594.94
1790035200,86594.94,85876.06
1790038800,85876.06,85598.67
1790042400,85598.67,85700
1790046000,85700,85667.84
1790049600,85667.84,85439.56
1790053200,85439.57,85398.69
1790056800,85398.69,85359.23
1790060400,85359.23,85339.85
1790064000,85341.44,86198.8
1790067600,86198.79,86238.82
1790071200,86238.82,85864.54
1790074800,85867.85,85969.07
1790078400,85969.07,86015.87
1790082000,86016.24,86329.14
1790085600,86333.37,86242.89
1790089200,86242.88,86417.8
1790092800,86416.54,86426.29
1790096400,86426.3,86587.58
1790100000,86587.58,86469.53
1790103600,86469.53,86211.14
1790107200,86213.28,86281.15
1790110800,86286.98,86187.03
1790114400,86187.02,86121.88
1790118000,86121.88,86198.05
1790121600,86198.05,86461.52
1790125200,86461.53,86360.01
1790128800,86354,86538.14
1790132400,86535.62,86696.41
1790136000,86696.41,87164.81
1790139600,87164.81,86487.46
1790143200,86487.46,86456.51
1790146800,86456.51,86128.2
1790150400,86128.2,85901.81
1790154000,85901.81,85848.87
1790157600,85848.88,85906.66
1790161200,85906.67,85637.71
1790164800,85637.71,85482.1
1790168400,85482.1,85783
1790172000,85783,84521.36
1790175600,84521.35,83998.33
1790179200,84000.01,84030.09
1790182800,84030.1,84314.47
1790186400,84314.48,84313
1790190000,84313,84515.87
1790193600,84520.66,84235.46
1790197200,84235.47,84399.36
1790200800,84399.36,84550.19
1790204400,84553.71,84378.31
1790208000,84378.31,84301.26
1790211600,84302.31,84100.39
1790215200,84107.85,84349.88
1790218800,84349.88,83928.16
1790222400,83928.17,84024.37
1790226000,84024.37,83965.41
1790229600,83959.95,84095.61
1790233200,84095.61,84503.45
1790236800,84503.45,83634.15
1790240400,83636.54,83244.97
1790244000,83244.98,83496.96
1790247600,83496.95,83468.76
1790251200,83467.89,83578.94
1790254800,83578.94,84236.3
1790258400,84236.29,83644.95
1790262000,83644.95,84401.36
1790265600,84406.43,84467.79
1790269200,84466.5,84091.6
1790272800,84090.54,84453.28
1790276400,84453.28,84395.47
1790280000,84388,84354.08
1790283600,84359.99,84320.1
1790287200,84320.1,84263.42
1790290800,84263.42,84385.46
1790294400,84385.47,84577.63
1790298000,84577.63,84596.07
1790301600,84596.11,84220.94
1790305200,84216.09,84216
1790308800,84216.01,84189.81
1790312400,84188.02,84181.75
1790316000,84181.75,84022.58
1790319600,84022.59,84023.5
1790323200,84023.51,84406.85
1790326800,84406.86,84567.53
1790330400,84567.53,84709.25
1790334000,84709.26,84575.04
1790337600,84575.04,84453.53
1790341200,84453.53,83902.76
1790344800,83902.77,84002.17
1790348400,84002.66,83783.99
1790352000,83784,83731.52
1790355600,83731.52,83761.83
1790359200,83761.84,83949.99
1790362800,83949.99,84003.55
1790366400,84005.59,83867.63
1790370000,83867.63,83787.95
1790373600,83787.95,84058.72
1790377200,84058.72,84093.13
1790380800,84093.13,83904.8
1790384400,83904.81,84072.83
1790388000,84072.84,83999.75
1790391600,83999.76,83931.18
1790395200,83931.19,83975.53
1790398800,83975.54,83918.35
1790402400,83918.35,83882.66
1790406000,83882.65,84103.92
1790409600,84103.92,84194.92
1790413200,84194.91,84012.95
1790416800,84012.96,84171.55
1790420400,84171.55,84155.13
1790424000,84156.82,84036.79
1790427600,84035.33,83935.32
1790431200,83933.38,84014.56
1790434800,84014.56,84146.86
1790438400,84146.86,84104.3
1790442000,84102.19,84126.64
1790445600,84126.64,83994.61
