step,balanced,loss-sensitive,gain-sensitive,frozen,buy-and-hold,cash
0.0,100.0,100.0,100.0,100.0,100.0,100.0
1.0,99.95357567046538,99.95357567046538,99.95357567046538,99.95357567046538,99.76712605488461,100.0
2.0,99.88154538247448,99.88154538247448,99.88154538247448,99.88154538247448,99.74849455686284,100.0
3.0,99.84644384517549,99.84644384517549,99.84644384517549,99.84644384517549,99.79788848295334,100.0
4.0,99.80423756121462,99.80423756121462,99.80423756121462,99.80423756121462,99.82576754221004,100.0
5.0,99.66531381482883,99.66531381482883,99.66531381482883,99.66531381482883,99.75235203675999,100.0
6.0,99.62360432636129,99.62360432636129,99.62360432636129,99.62360432636129,99.71166016969674,100.0
7.0,99.56561748173743,99.56561748173743,99.56561748173743,99.56561748173743,99.65373303050042,100.0
8.0,99.5625744969396,99.5625744969396,99.5625744969396,99.5625744969396,99.65087563798402,100.0
9.0,99.53313044258184,99.53313044258184,99.53313044258184,99.53313044258184,99.62141202469547,100.0
10.0,99.52999632454465,99.52999632454465,99.52999632454465,99.52999632454465,99.69890580855531,100.0
11.0,99.3502121970186,99.3502121970186,99.3502121970186,99.3502121970186,99.58336973978382,100.0
12.0,99.34102728214613,99.34102728214613,99.34102728214613,99.27787685165764,99.5741611429923,100.0
13.0,99.35216816517624,99.35255700603399,99.35216816517624,99.28708169123196,99.58572059453596,100.0
14.0,99.3069320141782,99.30696021455063,99.3069320141782,99.2510121653719,99.54042442907694,100.0
15.0,99.21786817769755,99.21804825030786,99.21800973943499,99.0978208099081,99.45138418182125,100.0
16.0,99.1438824135028,99.14409652977513,99.14404944323691,99.02404352354704,99.37732576305501,100.0
17.0,98.92032914599817,98.92064612762523,98.92057312910214,98.80112018669773,99.15355296457666,100.0
18.0,99.00721246361445,99.007489466925,99.00742653901835,98.88775868362401,99.24052160225796,100.0
19.0,99.13563654308088,99.13585445359158,99.13580641127727,99.0158208884221,99.36907179512693,100.0
20.0,99.23213834033336,99.23220733964057,99.23266041543563,99.11243523378478,99.46605429476345,100.0
21.0,99.36058616982105,99.36065525844216,99.36063498629599,99.2398485107301,99.5944096654154,100.0
22.0,99.1831637467073,99.18323271196088,99.18338296705323,99.06281196562048,99.41711495384602,100.0
23.0,99.33882834876744,99.33889742225963,99.33889806235824,99.21813801100382,99.57266750599507,100.0
24.0,99.53223770132918,99.53230690930515,99.53212165653733,99.41112671541052,99.76593763936074,100.0
25.0,99.4018792388099,99.40194835614344,99.40188839570474,99.28105177096329,99.63567301098193,100.0
26.0,99.53180878370983,99.53187799138757,99.5316931508683,99.41069873064889,99.76550903048329,100.0
27.0,99.52639532345367,99.52646452736724,99.52628488992441,99.40529704418772,99.7600994669238,100.0
28.0,99.45384975701951,99.45391891048982,99.45380899926815,99.33290925791401,99.68760611996768,100.0
29.0,99.39828542906001,99.39835454389464,99.39829803759913,99.27746577743025,99.63208178811472,100.0
30.0,99.30874562664759,99.30881467922232,99.30884423293533,99.18812071613138,99.54260643790765,100.0
31.0,99.36147000006696,99.36153908930262,99.36151796767459,99.24073041872376,99.59529285946593,100.0
32.0,99.33246607074727,99.33253513981558,99.33254189493438,99.21178957037299,99.56630980764606,100.0
33.0,99.23410096337942,99.23416996405129,99.2342712615049,99.11363839837273,99.46801550508154,100.0
34.0,99.13452058942345,99.13458952085388,99.13478652867985,99.01427460288119,99.36850681069754,100.0
35.0,99.15780561715198,99.15787456477324,99.15775594753734,99.03750898774356,99.39177507748458,100.0
36.0,99.13619726738995,99.13626619998622,99.1361471624872,99.0159476342221,99.37018228176399,100.0
37.0,99.16474628408305,99.16481523653039,99.16469675428426,99.04443455934083,99.39871074841078,100.0
38.0,99.14770005809034,99.14776899868487,99.14765018490488,99.02742540737488,99.38167679256864,100.0
39.0,99.21159578586787,99.21166477089116,99.21154719982604,99.0911821676224,99.44552652716261,100.0
40.0,99.24514884145324,99.24521784980706,99.24510093131893,99.12466224829348,99.47905543071313,100.0
41.0,99.36655202398092,99.36662111675028,99.3665065594457,99.2458013896873,99.60037122525645,100.0
42.0,99.40434876449699,99.40441788354767,99.40430406135594,99.28351592565146,99.63814075906429,100.0
43.0,99.31957254715994,99.31964160726297,99.31952613624948,99.19892408905372,99.55342556502661,100.0
44.0,99.39144874215785,99.39151785223872,99.39140377915308,99.27064395971459,99.62525002237093,100.0
45.0,99.41521467752018,99.41528380412628,99.41517019326686,99.2943582062794,99.64899885062664,100.0
46.0,99.39194914604708,99.3920182564759,99.39190419312266,99.27114327526982,99.6257500660613,100.0
47.0,99.39514003318487,99.39520914583241,99.39509514453908,99.27432722251163,99.62893865634666,100.0
48.0,99.38771195986818,99.38778106735074,99.38766692158802,99.26691530459433,99.62151592987789,100.0
49.0,99.37507838635318,99.3751474850512,99.37503309357676,99.25430920797908,99.60889145021449,100.0
50.0,99.40711723276726,99.40718635374293,99.40707258539544,99.28627837274925,99.64090723454608,100.0
51.0,99.36946346479095,99.36953255958474,99.36941805890508,99.2487064983723,99.60328057036408,100.0
52.0,99.30433297416988,99.30440202367633,99.30428625626676,99.18371766078069,99.53819696172893,100.0
53.0,99.32184061154098,99.32190967322106,99.32179424631941,99.20118722059627,99.55569199681804,100.0
54.0,99.37419455610727,99.37426365419074,99.37414924552658,99.25342729998542,99.60800825616396,100.0
55.0,99.3129893115783,99.31305836710379,99.31294276805225,99.19235517142447,99.54684706816496,100.0
56.0,99.34105742063761,99.34112649567977,99.3410114425279,99.22036223484078,99.57489497334309,100.0
57.0,99.40593445993818,99.40600358009142,99.40588978874007,99.28509817234597,99.63972531309611,100.0
58.0,99.49994540359458,99.50001458911667,99.49990262619427,99.37890465055393,99.733668586147,100.0
59.0,99.48771475269169,99.48778392970941,99.48767172891175,99.3667006002299,99.72144673906546,100.0
60.0,99.44177507616001,99.4418442212344,99.44173112695104,99.32086083841239,99.67554013065975,100.0
61.0,99.46908933000958,99.46915849407645,99.46904593103095,99.34811568618704,99.70283472326538,100.0
62.0,99.49790479552684,99.49797397963002,99.49786197701961,99.3768684806274,99.73162944694211,100.0
63.0,99.51768699603078,99.51775619388917,99.5176445760249,99.39660765660314,99.75139740789655,100.0
64.0,99.53588350109354,99.53595271160455,99.53584144764606,99.41476458588437,99.76958081481916,100.0
65.0,99.42886855506907,99.42893769116914,99.42882434586545,99.30798238785792,99.6626428998925,100.0
66.0,99.37151057161051,99.37157966782772,99.37146520696245,99.25074915291643,99.60532620364286,100.0
67.0,99.3296846049734,99.32975367210766,99.32963839776467,99.20901415404,99.56353034401646,100.0
68.0,99.31365868301454,99.31372773900547,99.31361215297261,99.19302308703732,99.54751595777677,100.0
69.0,99.35408091926111,99.35415000335892,99.35403520350248,99.23335740851205,99.58790909744056,100.0
70.0,99.35734329266879,99.35741237903504,99.35729764262884,99.23661268654747,99.59116912253883,100.0
71.0,99.34226618847393,99.34233526435658,99.34222023471416,99.22156837371445,99.57610287108866,100.0
72.0,99.38843332131889,99.38850242930303,99.38838829757015,99.26763509714797,99.6222367720809,100.0
73.0,99.42183040686086,99.42189953806708,99.4217860558777,99.30095954699664,99.6556098178578,100.0
74.0,99.3964397835465,99.39650889709779,99.39639492108346,99.27562414603172,99.63023747112685,100.0
75.0,99.40175576252555,99.40182487977322,99.40171100714993,99.21487302098504,99.63554962357782,100.0
76.0,99.31061076841652,99.31067982228814,99.31056417697606,99.06003729372839,99.54447023711722,100.0
77.0,99.22067454214383,99.22074353347988,99.22062613898846,98.9701902136487,99.4545987484022,100.0
78.0,99.31566679732326,99.31573585471048,99.31562030773365,99.06457016375127,99.54952262661214,100.0
79.0,99.34401435271032,99.34408342980852,99.34396843416634,99.09282248724091,99.57784977696802,100.0
80.0,99.31991698100578,99.3199860413483,99.31987057703374,99.06880606919883,99.55376975094336,100.0
81.0,99.28789763084711,99.28796666892555,99.28785058186321,99.03689428611,99.52177344883346,100.0
82.0,99.29672293580256,99.29679198001752,99.29667606459948,99.04568994298734,99.53059240119093,100.0
83.0,99.2837319309381,99.28380096612,99.28368479803851,99.03274258061782,99.51761074746297,100.0
84.0,99.27618038133706,99.27624941126811,99.27613309631573,99.02521639999082,99.51006463359008,100.0
85.0,99.27892285460008,99.27899188643808,99.27887562482435,99.02794966008084,99.51280513277628,100.0
86.0,99.29002922144018,99.29009826100078,99.28998221539598,99.03901871575341,99.52390350507297,100.0
87.0,99.29238176959473,99.29245081079112,99.29233481094128,99.04136336066476,99.5262543598251,100.0
88.0,99.30469040551932,99.30475945527432,99.23716456862124,99.05363064647159,99.53855413579348,100.0
89.0,99.26920722064693,99.26927624572933,99.20882025301357,99.0182666652122,99.50309649229438,100.0
90.0,99.23839990445865,99.31209005241108,99.24302031734018,99.06093661183067,99.54587945115372,100.0
91.0,99.2110250705153,99.2778156115429,99.14477365070411,99.02677733762516,99.51162970540021,100.0
92.0,99.1660815986257,99.3107188148261,99.177574793258,99.05956998178566,99.54450920156063,100.0
93.0,99.15954333836372,99.29977490917157,99.16666483393335,99.04866284910419,99.53357318111146,100.0
94.0,99.16422960922844,99.30761890805816,99.17448450192911,99.0564804911152,99.54141152830988,100.0
95.0,99.1036674691824,99.31324033228096,99.18008848934944,99.06208302660775,99.54702890223419,100.0
96.0,99.1115990332733,99.32318992821746,99.19000722315351,99.0719991905836,99.55697132937652,100.0
